Spp_id,Species_name,Family,Genus,Species,Common_name,Growth_form,Leaf_area_mm2,Leaf_area_source,Perenniality,Perenniality_source,Mean_ht_mm,Ht_source,SLA_mm2mg1,SLA_source,Resprouter,Resprouting Source,Diaspore_mg,Diaspore_source,Dispersal_mode,Dispersal_mode_source,Log10_dispersal_dist_m,Disperal_dist_source,Range_extent_ID,Range_rource,Elevation_range,Elevation_Source,Raunkier,Raunkier_source,Pollination,Pollination_source,altitude_min,altitude_max,altitude_range,MAT_min,MAT_max,MAT_range,Extent,Area
1,Stylidium montanum,Stylidiaceae,Stylidium,montanum,,Forb,110,C Pickering Main Range,Perennial,KM,58.5,C Pickering Main Range,10.2,C Pickering Main Range,Y,KM,0.12,JM,None,JM,-0.220511223,JM SV,3,KM,2,KM,H,,Not Wind,JM,733,2081,1348,4,12,8,21719,108
2,Tasmannia xerophila,Winteraceae,Tasmannia,xerophila,Alpine Pepper,Shrub,503.1,C Pickering Main Range,Perennial,KM,40.88,C Pickering Main Range,7.99,C Pickering Main Range,Y,KM,2.43,LG,Animal,JM,2.809033944,JM SV,5,KM,4,KM,P,,Not Wind,JM,614,2109,1495,3.7,12.8,9.1,19610,68
3,Pimelea ligustrina,Thymeleaceae,Pimelea,ligustrina,Kosciuszko Rose ,Shrub,231.2,C Pickering Main Range,Perennial,KM,466.2,C Pickering Main Range,13.3,C Pickering Main Range,Y,KM,2.17,LG,None,JM,0.679974685,JM SV,3,KM,3,KM,P,,Not Wind,JM,648,2081,1433,3.7,12.3,8.6,27707,324
4,Eucalyptus pauciflora,Myrtaceae,Eucalyptus,pauciflora,,Tree,140,P Vesk Falls Creek,Perennial,KM,7000,Alps wide,340,P Vesk Falls Creek,Y,KM,0.61,LG,None,JM,,,4,KM,3,KM,P,,Not Wind,JM,,,,4.8,11.3,6.5,80308,508
5,Picris angustifolius,Asteraceae,Picris,angustifolius,,Forb,800,,Perennial,,150,Estimate,20,Estimate,,,0.18,Kew,Wind,JM,1.181220203,JM SV,5,KM,5,KM,H,,Not Wind,JM,251,2102,1851,4.5,15.5,11,154478,360
6,Goodenia hederacea,Goodeniaceae,Goodenia,hederacea,,Forb,314,Estimate,Perennial,KM,15,Estimate,15,Estimate,Y,KM,1.43,LG,None,JM,-0.490669511,JM SV,4,KM,5,KM,H,,Not Wind,JM,,,,5.1,13.2,8.1,57005,452
7,Dianella tasmanica,Liliaceae,Dianella,tasmanica,Tasman Flax-lilly,Forb,14362.8,C Pickering Main Range,Perennial,KM,55.5,C Pickering Main Range,5.5,C Pickering Main Range,Y,KM,5.62,Kew,Animal,JM,1.964610945,JM SV,5,KM,5,KM,H,JM and KM,Not Wind,JM,11,1813,1802,5,17.1,12.1,364058,552
8,Oxylobium ellipticum,Fabaceae,Oxylobium ,ellipticum,Common Shaggy Pea,Shrub,44.9,C Pickering Main Range,Perennial,KM,238.9,C Pickering Main Range,12.9,C Pickering Main Range,Y,KM,3.95,LG,Ballistic,JM,1.442987078,JM SV,5,KM,4,KM,P,,Not Wind,JM,246,2081,1835,3.7,18.1,14.4,248531,912
9,Asperula gunnii,Rubiaceae,Asperula,gunnii,Mountain Woodruff,Forb,4.1,C Pickering Main Range,Perennial,KM,43.2,C Pickering Main Range,21.79,C Pickering Main Range,Y,KM,2.14,Kew,None,JM,-0.411653277,JM SV,5,KM,4,KM,C,JM and KM,Not Wind,JM,76,2081,2005,4,15.2,11.2,164975,528
10,Acaena novae-zelandiae,Rosaceae,Acaena,novae-zelandiae,Bidgee-widgee,Forb,46.17,C Pickering Main Range,Perennial,KM,47.3,C Pickering Main Range,19.98,C Pickering Main Range,Y,KM,4.7,JM,Animal,JM,1.559373514,JM SV,5,KM,5,KM,H,JM and KM,Wind,JM,3,2129,2126,3.3,17.1,13.8,580142,1188
11,Podocarpus lawrencei,Podocarpaceae,Podocarpus,lawrencei,,Shrub,10.1,C Pickering Main Range,Perennial,KM,572.1,C Pickering Main Range,4.5,C Pickering Main Range,,,13.93,LG,Animal,JM,,,3,KM,4,KM,P,,Wind,JM,570,2129,1559,3.3,13,9.7,46192,396
12,Pentachondra pumilio,Epacridaceae,Pentachondra,pumilio,Carpet Heath,Shrub,7.5,C Pickering Main Range,Perennial,KM,44.5,C Pickering Main Range,8.9,C Pickering Main Range,,,1.17,LG,Animal,JM,2.281294507,JM SV,3,KM,2,KM,C,,Not Wind,JM,1276,2129,853,3.3,8.1,4.8,8231,156
13,Trisetum spicatum,Poaceae,Trisetum,spicatum,Bristle-grass,Graminoid,537.8,C Pickering Main Range,Perennial,KM,194.9,C Pickering Main Range,18.5,C Pickering Main Range,Y,KM,0.38,JM,Wind,JM,-0.220511223,JM SV,5,KM,3,KM,H,,Wind,JM,1082,2129,1047,3.3,8.7,5.4,16942,352
14,Pimelea axiflora,Thymeleaceae,Pimelea,axiflora,,Shrub,68.5,C Pickering Main Range,Perennial,KM,40.8,C Pickering Main Range,19.2,C Pickering Main Range,Y,KM,2.93,LG,None,JM,0.44534686,JM SV,3,KM,3,KM,P,,Not Wind,JM,1100,2120,1020,3.8,9.6,5.8,9126,192
15,Grevillea australis,Proteaceae,Grevillea,australis,Alpine Grevillea,Shrub,24.6,C Pickering Main Range,Perennial,KM,499,C Pickering Main Range,5.5,C Pickering Main Range,N,KM,8.19,LG,None,JM,0.544895541,JM SV,5,KM,4,KM,P,,Not Wind,JM,1030,2129,1099,3.3,10,6.7,21940,444
16,Orites lancifolia,Epacridaceae,Orites,lancifolia,Alpine Orites,Shrub,189.7,C Pickering Main Range,Perennial,KM,645.3,C Pickering Main Range,4.1,C Pickering Main Range,Y,KM,6.5,LG,Ballistic,JM,2.865096854,JM SV,3,KM,4,KM,C,,Not Wind,JM,1035,2081,1046,4,9.1,5.1,24483,336
17,Acrothamnus montanus,Epacridaceae,Acrothamnus,montanus,Snow Beard-heath,Shrub,11.8,C Pickering Main Range,Perennial,KM,317.8,C Pickering Main Range,8,C Pickering Main Range,Y,KM,9.38,LG,Animal,JM,2.630469028,JM SV,3,KM,3,KM,C,,Not Wind,JM,761,2081,1320,3.3,11.2,7.9,10208,1560
18,Olearia brevipedunculata,Asteraceae,Olearia,brevipedunculata,,Shrub,15.9,C Pickering Main Range,Perennial,KM,336.4,C Pickering Main Range,12,C Pickering Main Range,Y,KM,0.7,Kew,Wind,JM,1.890564058,JM SV,3,KM,3,KM,P,,Not Wind,JM,1195,2081,886,3.7,8.3,4.6,8924,108
19,Viola betonicifolia,Violaceae,Viola,betonicifolia,Showy Violet,Forb,177.1,C Pickering Main Range,Perennial,KM,31.3,C Pickering Main Range,17.2,C Pickering Main Range,Y,KM,1.32,JM,None,JM,-0.490669511,JM SV,5,KM,5,KM,H,,Not Wind,JM,4,2109,2105,3.3,19.6,16.3,600360,1676
20,Kunzea muelleri,Myrtaceae,Kunzea,muelleri,Yellow Kunzea,Shrub,4.487,C Pickering Main Range,Perennial,KM,211.4,C Pickering Main Range,8,C Pickering Main Range,Y,KM,0.14,Kew,None,JM,0.610466582,JM SV,3,KM,3,KM,C,,Not Wind,JM,1015,2081,1066,3.6,10.8,7.2,15709,268
21,Prostanthera cuneata,Lamiaceae,Prostanthera,cuneata,Alpine Mint Bush,Shrub,16.3,C Pickering Main Range,Perennial,KM,360.8,C Pickering Main Range,6.7,C Pickering Main Range,Y,KM,1.13,LG,None,JM,0.758990919,JM SV,3,KM,4,KM,P,,Not Wind,JM,321,2129,1808,3.3,12.2,8.9,26927,524
22,Hovea montana,Fabaceae,Hovea,montana,Alpine Hovea,Shrub,52,C Pickering Main Range,Perennial,KM,292.6,C Pickering Main Range,5.3,C Pickering Main Range,Y,KM,15.96,LG,Ballistic,JM,1.204500156,JM SV,4,KM,3,KM,C,,Not Wind,JM,213,2111,1898,3.7,13.8,10.1,35475,604
23,Celmisia pugioniformis,Asteraceae,Celmisia,pugioniformis,Dagger-leaf Celmisia,Forb,303.9,C Pickering Main Range,Perennial,KM,70.1,C Pickering Main Range,17.87,C Pickering Main Range,Y,KM,2.74,JM,Wind,JM,1.046141059,JM SV,3,KM,4,KM,H,JM and KM,Not Wind,JM,943,2102,1159,3.3,10.9,7.6,59837,388
24,Podolepis robusta,Asteraceae,Podolepis,robusta,Alpine Podolepis,Forb,3073.8,C Pickering Main Range,Perennial,KM,137.1,C Pickering Main Range,13.1,C Pickering Main Range,Y,KM,0.97,LG,Wind,JM,1.046141059,JM SV,3,KM,3,KM,H,,Not Wind,JM,804,2081,1277,4,12.6,8.6,33709,432
25,Gentianella muelleriana,Gentianaceae,Gentianella,muelleriana,Mueller's Snow-gentian,Forb,28.2,C Pickering Main Range,Perennial,KM,79.8,C Pickering Main Range,15.3,C Pickering Main Range,Y,KM,0.34,JM,None,JM,-0.312104595,JM SV,3,KM,3,KM,H,,Not Wind,JM,1043,2086,1043,3.5,9.3,5.8,17199,136
26,Aciphylla glacialis,Apiaceae,Aciphylla,glacialis,Mountain Celery,Forb,4176.3,C Pickering Main Range,Perennial,KM,190,C Pickering Main Range,7.03,C Pickering Main Range,,,4.59,LG,None,JM,-0.220511223,JM SV,2,KM,3,KM,H,JM and KM,Not Wind,JM,984,2129,1145,3.3,10.3,7,12074,240
27,Poa hiemata,Poaceae,Poa,hiemata,Soft Snow-grass,Graminoid,26.6,P Vesk Falls Creek,Perennial,,57,C Pickering,343.9,P Vesk Falls Creek,Y,KM,0.35,JM,None,JM,-0.141494989,JM SV,3,KM,4,KM,H,,Wind,JM,784,2129,1345,3.3,11.5,8.2,39583,312
28,Craspedia aurantia,Asteraceae,Craspedia,aurantia,Orange Billy-button,Forb,837,C Pickering Main Range,Perennial,KM,43.6,C Pickering Main Range,23.7,C Pickering Main Range,Y,KM,0.45,LG,Wind,JM,0.911061916,JM SV,3,KM,3,KM,H,JM and KM,Not Wind,JM,1214,2081,867,3.7,9.4,5.7,21022,292
29,Scleranthus biflorus,Caryophyllaceae,Scleranthus,biflorus,Twin-flower Knawel,Forb,6.1,C Pickering Main Range,Perennial,KM,11.4,C Pickering Main Range,12.3,C Pickering Main Range,Y,KM,0.94,LG,None,JM,0.03385596,JM SV,5,KM,5,KM,C,,Not Wind,JM,56,2081,2025,4,15.2,11.2,410495,584
30,Prasophyllum alpestre,Orchidaceae,Prasophyllum,alpestre,Highland Leek-orchid,Forb,1181.2,C Pickering Main Range,Perennial,KM,206.2,C Pickering Main Range,18.7,C Pickering Main Range,Y,KM,0.001,JM,Wind,JM,-0.276574133,JM SV,3,KM,3,KM,CR,,Not Wind,JM,883,2129,1246,3.3,10.2,6.9,34821,204
31,Poa costiniana,Poaceae,Poa,costiniana,Prickly Snow-grass,Graminoid,386.3,M Good Hotham,Perennial,KM,124.8,C Pickering Main Range,5.17,M Good Hotham,Y,KM,0.26,JM,None,JM,-0.141494989,JM SV,5,KM,4,KM,H,,Wind,JM,406,2129,1723,3.3,13.6,10.3,150582,676
32,Oreomyrrhis eriopoda,Apiaceae,Oreomyrrhis,eriopoda,Australian Caraway,Forb,834,C Pickering Main Range,Perennial,KM,87.2,C Pickering Main Range,9.5,C Pickering Main Range,Y,KM,4.7,LG,None,JM,-0.276574133,JM SV,5,KM,5,KM,H,,Not Wind,JM,182,2129,1947,3.3,15.9,12.6,318145,1000
33,Wahlenbergia ceracea,Campanulaceae,Wahlenbergia,ceracea,Waxy Bluebell,Forb,112.4,C Pickering Main Range,,,45.2,C Pickering Main Range,19.6,C Pickering Main Range,Y,KM,0.03,JM,None,JM,-0.276574133,JM SV,5,KM,4,KM,H,,Not Wind,JM,683,2129,1446,3.3,14.5,11.2,148591,524
34,Leptorhynchos squamatus,Asteraceae,Leptorhynchos,squamatus,Scaly Buttons,Forb,80.4,C Pickering Main Range,Perennial,KM,108,C Pickering Main Range,10.8,C Pickering Main Range,Y,KM,0.11,JM,Wind,JM,0.954547687,JM SV,5,KM,5,KM,H,,Not Wind,JM,8,2081,2073,3.6,18.3,14.7,531748,2236
35,Carex breviculmis,Cyperaceae,Carex,breviculmis,Short-flower Dryland Sedge,Graminoid,137.3,C Pickering Main Range,Perennial,KM,64.4,C Pickering Main Range,16.8,C Pickering Main Range,Y,KM,1.04,JM,None,JM,-0.411653277,JM SV,5,KM,5,KM,H,JM and KM,Wind,JM,0,2008,2008,3.7,19.2,15.5,543435,1032
36,Senecio gunnii,Asteraceae,Senecio,gunnii,Gunn's Groundsel,Forb,563.3,C Pickering Main Range,,,278.3,C Pickering Main Range,25.6,C Pickering Main Range,Y,KM,0.28,JM,Wind,JM,1.125157293,JM SV,5,KM,4,KM,H,,Not Wind,JM,448,2081,1633,3.7,13.2,9.5,38010,496
37,Agrostis venusta,Poaceae,Agrostis,venusta,,Graminoid,31.95,Estimate,Annual,KM,150,Estimate,6.7,Estimate,N,KM,1.44,Kew,Wind,JM,-0.312104595,JM SV,5,KM,5,KM,T,JM and KM,Wind,JM,21,2081,2060,4,15.7,11.7,377503,488
38,Sphagnum cristatum,Sphagnaceae,Sphagnum,cristatum,,Moss,,,Perennial,KM,,,,,,,,,Wind,JM,,,5,KM,5,KM,C,,Wind,JM,,,,3.3,20.1,16.8,"389,816.833 km2 ",568
39,Carpha alpina,Cyperaceae,Carpha,alpina,,Graminoid,142,C Pickering Main Range,Perennial,KM,47.5,C Pickering Main Range,8.3,C Pickering Main Range,Y,KM,2.94,JM,Wind,JM,-0.312104595,JM SV,5,KM,2,KM,H,JM and KM,Wind,JM,1167,2111,944,3.3,8.5,5.2,6198,108
40,Richea continentis,Epacridaceae,Richea,continentis,Candle Heath,Shrub,97.8,C Pickering Main Range,Perennial,KM,177.3,C Pickering Main Range,,C Pickering Main Range,N,KM,0.53,JM,None,JM,0.636488914,JM SV,3,KM,3,KM,P,,Not Wind,JM,991,2129,1138,3.3,9.9,6.6,26551,476
41,Oreomyrrhis ciliata,Apiaceae,Oreomyrrhis,ciliata,Bog Caraway,Forb,210,C Pickering Main Range,Perennial,KM,68,C Pickering Main Range,10.7,C Pickering Main Range,Y,KM,1.7,LG,None,JM,-0.276574133,JM SV,5,KM,4,KM,H,,Not Wind,JM,882,2002,1120,4.3,10.6,6.3,73843,244
42,Drosera arcturi,Droseraceae,Drosera,arcturi,Alpine Sundew,Forb,64,C Pickering Main Range,Perennial,KM,20.9,C Pickering Main Range,16.5,C Pickering Main Range,,,0.04,JM,Water,JM,-0.590218192,JM SV,5,KM,4,KM,H,JM and KM,Not Wind,JM,1167,2102,935,3.4,8.5,5.1,13302,140
43,Carex gaudichaudina,Cyperaceae,Carex,gaudichaudina,Tufted Sedge,Graminoid,314.1,C Pickering Main Range,Perennial,KM,100.9,C Pickering Main Range,78.52,C Pickering Main Range,Y,KM,0.47,JM,None,JM,-0.141494989,JM SV,5,KM,5,KM,H,JM and KM,Wind,JM,3,2129,2126,3.3,19.8,16.5,518434,1376
44,Oreobolus distichus,Cyperaceae,Oreobolus,distichus,Fan Tuft-rush,Graminoid,26.1,C Pickering Main Range,Perennial,KM,2.8,C Pickering Main Range,7.6,C Pickering Main Range,Y,KM,0.95,JM,None,JM,-0.534155282,JM SV,5,KM,4,KM,H,,Wind,JM,1192,2109,917,3.3,11.3,8,72489,324
45,Astelia alpina,Liliaceae,Astelia,alpina,Silver Astelia,Forb,1516.5,C Pickering Main Range,Perennial,KM,91.1,C Pickering Main Range,9.19,C Pickering Main Range,Y,KM,0.95,JM,Animal,JM,1.245729455,JM SV,5,KM,4,KM,H,JM and KM,Not Wind,JM,1179,2129,950,3.3,8.9,5.6,19165,184
46,Epacris petrophila,Epacridaceae,Epacris,petrophila,,Shrub,8.5,C Pickering Main Range,Perennial,,337,C Pickering Main Range,18.9,C Pickering Main Range,,,0.12,ANBG,None,JM,,,,,,,,,Not Wind,JM,814,2129,1315,3.3,9.8,6.5,31569,228
47,Epacris paludosa,Epacridaceae,Epacris,paludosa,Swamp Heath,Shrub,11.5,C Pickering Main Range,Perennial,KM,200,C Pickering Main Range,9.8,C Pickering Main Range,Y,KM,0.02,JM,None,JM,0.679974685,JM SV,5,KM,5,KM,P,JM and KM,Not Wind,JM,9,2129,2120,3.3,17.5,14.2,225653,1204
48,Empodisma minus,Restionaceae,Empodisma,minus,Spreading Rope-rush,Graminoid,8.7,C Pickering Main Range,Perennial,KM,146.9,C Pickering Main Range,3.7,C Pickering Main Range,Y,KM,0.92,JM,None,JM,0.544895541,JM SV,5,KM,5,KM,C,JM and KM,Wind,JM,3,2102,2099,3.5,19.5,16,515903,960
49,Baeckea gunniana,Myrtaceae,Baeckea,gunniana,Alpine Baeckea,Shrub,2.89,C Pickering Main Range,Perennial,KM,261,C Pickering Main Range,20.6,C Pickering Main Range,Y,KM,0.75,Kew,Wind,JM,0.679974685,JM SV,3,KM,4,KM,P,JM and KM,Not Wind,JM,506,2129,1623,3.3,12.6,9.3,32017,508
50,Montia australasica,Portulacaceae,Montia,australasica,,Forb,46.6,C Pickering Main Range,Perennial,KM,14.8,C Pickering Main Range,14.5,C Pickering Main Range,Y,KM,0.75,JM,Water,JM,-0.625748654,JM SV,5,KM,5,KM,H,,Not Wind,JM,6,2109,2103,3.3,18.6,15.3,461812,1024
51,Psychrophila introloba,Ranunculaceae,Psychrophila,introloba,Alpine marsh marigold,Forb,188.18,C Pickering Main Range,Perennial,KM,35.1,C Pickering Main Range,376.3,C Pickering Main Range,,,,,None,JM,-0.455139048,JM SV,3,KM,3,KM,H,JM and KM,Wind,JM,1246,2086,840,3.5,8.1,4.6,11537,192
52,Oreomyrrhis pulvinifica,Apiaceae,Oreomyrrhis,pulvinifica,Cushion Caraway,Forb,39.7,C Pickering Main Range,Perennial,KM,18.1,C Pickering Main Range,14.8,C Pickering Main Range,,,0.91,LG,None,JM,-0.490669511,JM SV,2,KM,1,KM,H,,Not Wind,JM,1629,2129,500,3.3,5.8,2.5,3408,84
53,Luzula acutifolia,Cyperaceae,Luzula,acutifolia,Dwarf Woodrush,Graminoid,258,M Good Hotham,Perennial,KM,50,BHP,8.3,M Good Hotham,Y,KM,0.33,JM,None,JM,-0.625748654,JM SV,3,KM,1,KM,H,,Wind,JM,1611,2129,518,3.3,6.1,2.8,3051,132
54,Plantago muelleri,Plantaginaceae,Plantago,muelleri,Star Plantain,Forb,487.3,C Pickering Main Range,Perennial,KM,29.1,C Pickering Main Range,8.34,C Pickering Main Range,Y,KM,0.49,LG,None,JM,-0.804313569,JM SV,3,KM,2,KM,H,,Not Wind,JM,1421,2086,665,3.5,7,3.5,6280,100
55,Ewartia nubigena,Asteraceae,Ewartia,nubigena,Silver Ewartia,Forb,14.7,C Pickering Main Range,Perennial,KM,22.1,C Pickering Main Range,19.8,C Pickering Main Range,Y,KM,0.05,JM,Wind,JM,1.398355083,JM SV,2,KM,2,KM,C,,Not Wind,JM,1511,2129,618,3.3,7.9,4.6,6982,180
56,Celmisia costiniana,Asteraceae,Celmisia,costiniana,Herbfield Celmisia,Forb,289,C Pickering Main Range,Perennial,KM,88,C Pickering Main Range,9.6,C Pickering Main Range,Y,KM,2.64,JM,Wind,JM,0.99007815,JM SV,3,KM,3,KM,H,JM and KM,Not Wind,JM,1259,2102,843,3.3,8.6,5.3,14582,180
57,Poa fawcettiae,Poaceae,Poa,fawcettiae,Smooth-blue Snow-grass,Graminoid,550.9,M Good Hotham,Perennial,KM,158.9,C Pickering Main Range,15.23,M Good Hotham,Y,KM,0.36,JM,None,JM,-0.220511223,JM SV,5,KM,4,KM,H,,Wind,JM,308,2129,1821,3.3,13.6,10.3,68258,624
58,Carex hebes,Cyperaceae,Carex,hebes,Dryland Sedge,Graminoid,168.8,C Pickering Main Range,Perennial,KM,95,C Pickering Main Range,19,C Pickering Main Range,Y,KM,0.78,JM,None,JM,-0.355590367,JM SV,3,KM,2,KM,H,JM and KM,Wind,JM,916,2129,1213,3.3,10.1,6.8,19870,296
59,Agrostis muelleriana,Poaceae,Agrostis,muelleriana,Mueller's Bent,Graminoid,31.95,C Pickering Main Range,Annual,KM,39.6,C Pickering Main Range,6.7,C Pickering Main Range,,,0.11,JM,Wind,JM,-0.355590367,JM SV,5,KM,4,KM,T,JM and KM,Wind,JM,1126,2111,985,3.3,8.9,5.6,16395,208
60,Rytidosperma nudiflorum,Poaceae,Rytidosperma,nudiflorum,Alpine Wallaby-grass,Graminoid,,,Perennial,KM,,,,,Y,KM,1.28,JM,Wind,JM,-0.220511223,JM SV,5,KM,3,KM,H,,Wind,JM,320,2129,1809,3.3,13.5,10.2,103698,404